[
    { "title": "Business Travel With The Wife", "url": "https://picsum.photos/240/240/?random&id=1" },
    { "title": "Coventry City Guide Including Coventry Hotels", "url": "https://picsum.photos/240/240/?random&id=2" },
    { "title": "How To Fly A Private Jet On Your Next Trip", "url": "https://picsum.photos/240/240/?random&id=3" },
    { "title": "Get Around Easily With A New York Limousine Service", "url": "https://picsum.photos/240/240/?random&id=4" },
    { "title": "Tremblant In Canada", "url": "https://picsum.photos/240/240/?random&id=5" },
    { "title": "Cdc Issues Health Alert Notice For Travelers To Usa From Hon", "url": "https://picsum.photos/240/240/?random&id=6" },
    { "title": "Beautiful Kitchen decoration", "url": "https://picsum.photos/240/240/?random&id=7" },
    { "title": "The Amazing Hubble", "url": "https://picsum.photos/240/240/?random&id=8" },
    { "title": "Advertising Relationships Vs Business Decisions", "url": "https://picsum.photos/240/240/?random&id=9" },
    { "title": "Bed room decorations", "url": "https://picsum.photos/240/240/?random&id=10" },
    { "title": "Asteroids", "url": "https://picsum.photos/240/240/?random&id=11" },
    { "title": "The Amazing Hubble", "url": "https://picsum.photos/240/240/?random&id=12" },
    { "title": "Lost In Lagos Portugal", "url": "https://picsum.photos/240/240/?random&id=13" },
    { "title": "The Surprising Popularity Of Cigar Smoking", "url": "https://picsum.photos/240/240/?random&id=14" },
    { "title": "Lost In Lagos Portugal", "url": "https://picsum.photos/240/240/?random&id=15" },
    { "title": "Cruising Destination Ideas", "url": "https://picsum.photos/240/240/?random&id=16" },
    { "title": "From Wetlands To Canals And Dams Amsterdam Is Alive", "url": "https://picsum.photos/240/240/?random&id=17" },
    { "title": "Vacation Home Rental Success", "url": "https://picsum.photos/240/240/?random&id=18" }
]